77ZFK8;
42UK32;
94FDTJ;
24KZT5;
77ZFK8;
PH792N;
77ZFK8;
42UK32;
MH14TC206AN;
NP826D;
7XFT96;
9KKB22;
7XFT96;
7XFT96;
8SHG12;
GS084V;
53RGT1;
JP548J;
56ZFDL;
24PGR3;
84PLFJ;
844KJS7;
PJ323K;
17TXT4;
77ZFK8;
RK361S;
JV628B;
G241GH;
TK642F;
PK015L;
VBJ87T;
GL395X;
32TRK3;
V494RT;
DL6CAB123X;
TN59AQ1515;
KA03AB3380;
KA51MJ8156;
HR26BP3543;
MH02AJ344;
HR99HATEMP4575;
HR26DK6475;
HR26CH3604;
MH14DT8831;
HR26CK8571;
HR696969;
HR26DG6167;
MH01AR5274;
DL3CAY9324;
KL55R2473;
MH20CS1941;
MH20EE7597;
TN52U1580;
MH20TC640B;
HR26TC7099;
14EY5972;
HR26BU0375;
KL16J3636;
KL43B2344;
MH01AR5274;
MH46Z8892;
KA03AB3380;
MH04DW8351;
MH12DE1433;
MH12JC2813;
JH10BL2779;
HR26U7501;
KL01AX8000;
TN37CR4019;
MH20EE045;
GJ17TC214;
MH14TCF460;
KA031351;
HR26BN0283;
1111;
UP8000;
MH01BU5207;
KL60N5344;
MH20CS4946;
KL10AW2814;
KL49H5270;
TN07BU5427;
AK5600;
TN38BW1139;
MH134348;
MH14EH5819;
MH03BS7778;
HR26CT4063;
WOBNP300;
MH02BM5048;
CL31VLGP;
MH14TC947;
MH15TC554;
KL454455;
KL01AU585;
KL10AW2111;
TS09EB1458;
MH20CS1938;
TN07BV5200;
MH20EE7598;
KA01MA6989;
HR26BA8008;
HR26DA0471;
TN59AQ1515;
4SH6405;
KL7BZ99;
HR26DA5443;
TS08FM8888;
HR26DK0830;
GJ07BR1336;
KL20K7561;
HPSX4000;
HR26DA2330;
KL01KL0KL01;
DL7CN5617;
MK20TC183B;
UP16TC1366;
WB07D5106;
KA51AA3469;N133
